date,menu_item_id,day_of_week,quantity_sold,previous_day_sales,7_day_avg,is_holiday,is_college_event
2026-01-08,1,3,54,59,60.0,False,False
2026-01-09,1,4,55,54,59.14,False,False
2026-01-10,1,5,20,55,57.86,True,False
2026-01-11,1,6,38,20,55.57,False,False
2026-01-12,1,0,52,38,56.71,False,False
2026-01-13,1,1,60,52,51.71,False,False
2026-01-14,1,2,54,60,48.29,False,False
2026-01-15,1,3,86,54,47.57,False,True
2026-01-16,1,4,64,86,52.14,False,False
2026-01-17,1,5,38,64,53.43,False,False
2026-01-18,1,6,48,38,56.0,False,False
2026-01-19,1,0,60,48,57.43,False,False
2026-01-20,1,1,58,60,58.57,False,False
2026-01-21,1,2,57,58,58.29,False,False
2026-01-22,1,3,56,57,58.71,False,False
2026-01-23,1,4,22,56,54.43,True,False
2026-01-24,1,5,38,22,48.43,False,False
2026-01-25,1,6,33,38,48.43,False,False
2026-01-26,1,0,63,33,46.29,False,False
2026-01-27,1,1,50,63,46.71,False,False
2026-01-28,1,2,61,50,45.57,False,False
2026-01-29,1,3,53,61,46.14,False,False
2026-01-30,1,4,90,53,45.71,False,True
2026-01-31,1,5,27,90,55.43,False,False
2026-02-01,1,6,33,27,53.86,False,False
2026-02-02,1,0,59,33,53.86,False,False
2026-02-03,1,1,52,59,53.29,False,False
2026-02-04,1,2,61,52,53.57,False,False
2026-02-05,1,3,59,61,53.57,False,False
2026-02-06,1,4,55,59,54.43,False,False
2026-02-07,1,5,27,55,49.43,False,False
2026-02-08,1,6,33,27,49.43,False,False
2026-02-09,1,0,89,33,49.43,False,True
2026-02-10,1,1,58,89,53.71,False,False
2026-02-11,1,2,51,58,54.57,False,False
2026-02-12,1,3,55,51,53.14,False,False
2026-02-13,1,4,55,55,52.57,False,False
2026-02-14,1,5,38,55,52.57,False,False
2026-02-15,1,6,29,38,54.14,False,False
2026-02-16,1,0,57,29,53.57,False,False
2026-02-17,1,1,59,57,49.0,False,False
2026-02-18,1,2,45,59,49.14,False,False
2026-02-19,1,3,65,45,48.29,False,False
2026-02-20,1,4,61,65,49.71,False,False
2026-02-21,1,5,31,61,50.57,False,False
2026-02-22,1,6,32,31,49.57,False,False
2026-02-23,1,0,59,32,50.0,False,False
2026-02-24,1,1,61,59,50.29,False,False
2026-02-25,1,2,53,61,50.57,False,False
2026-02-26,1,3,60,53,51.71,False,False
2026-02-27,1,4,45,60,51.0,False,False
2026-02-28,1,5,44,45,48.71,False,False
2026-03-01,1,6,36,44,50.57,False,False
2026-03-02,1,0,58,36,51.14,False,False
2026-03-03,1,1,60,58,51.0,False,False
2026-03-04,1,2,58,60,50.86,False,False
2026-03-05,1,3,58,58,51.57,False,False
2026-03-06,1,4,61,58,51.29,False,False
2026-03-07,1,5,40,61,53.57,False,False
2026-03-08,1,6,29,40,53.0,False,False
2026-03-09,1,0,52,29,52.0,False,False
2026-03-10,1,1,57,52,51.14,False,False
2026-03-11,1,2,56,57,50.71,False,False
2026-03-12,1,3,60,56,50.43,False,False
2026-03-13,1,4,48,60,50.71,False,False
2026-03-14,1,5,34,48,48.86,False,False
2026-03-15,1,6,36,34,48.0,False,False
2026-03-16,1,0,62,36,49.0,False,False
2026-03-17,1,1,59,62,50.43,False,False
2026-03-18,1,2,49,59,50.71,False,False
2026-03-19,1,3,56,49,49.71,False,False
2026-03-20,1,4,68,56,49.14,False,False
2026-03-21,1,5,42,68,52.0,False,False
2026-03-22,1,6,34,42,53.14,False,False
2026-03-23,1,0,49,34,52.86,False,False
2026-03-24,1,1,52,49,51.0,False,False
2026-03-25,1,2,64,52,50.0,False,False
2026-03-26,1,3,60,64,52.14,False,False
2026-03-27,1,4,54,60,52.71,False,False
2026-03-28,1,5,31,54,50.71,False,False
2026-03-29,1,6,11,31,49.14,True,False
2026-03-30,1,0,55,11,45.86,False,False
2026-03-31,1,1,86,55,46.71,False,True
2026-04-01,1,2,51,86,51.57,False,False
2026-04-02,1,3,64,51,49.71,False,False
2026-04-03,1,4,59,64,50.29,False,False
2026-04-04,1,5,25,59,51.0,False,False
2026-04-05,1,6,40,25,50.14,False,False
2026-04-06,1,0,57,40,54.29,False,False
2026-04-07,1,1,51,57,54.57,False,False
2026-04-08,1,2,48,51,49.57,False,False
2026-04-09,1,3,66,48,49.14,False,False
2026-04-10,1,4,54,66,49.43,False,False
2026-04-11,1,5,35,54,48.71,False,False
2026-04-12,1,6,37,35,50.14,False,False
2026-04-13,1,0,58,37,49.71,False,False
2026-04-14,1,1,55,58,49.86,False,False
2026-04-15,1,2,56,55,50.43,False,False
2026-04-16,1,3,54,56,51.57,False,False
2026-04-17,1,4,14,54,49.86,True,False
2026-04-18,1,5,40,14,44.14,False,False
2026-04-19,1,6,33,40,44.86,False,False
2026-04-20,1,0,20,33,44.29,True,False
2026-04-21,1,1,62,20,38.86,False,False
2026-04-22,1,2,65,62,39.86,False,False
2026-04-23,1,3,61,65,41.14,False,False
2026-04-24,1,4,63,61,42.14,False,False
2026-04-25,1,5,40,63,49.14,False,False
2026-04-26,1,6,37,40,49.14,False,False
2026-04-27,1,0,55,37,49.71,False,False
2026-04-28,1,1,57,55,54.71,False,False
2026-04-29,1,2,52,57,54.0,False,False
2026-04-30,1,3,64,52,52.14,False,False
2026-01-08,2,3,34,27,24.43,False,False
2026-01-09,2,4,7,34,25.57,True,False
2026-01-10,2,5,14,7,21.71,False,False
2026-01-11,2,6,9,14,22.43,False,False
2026-01-12,2,0,27,9,22.14,False,False
2026-01-13,2,1,26,27,20.71,False,False
2026-01-14,2,2,29,26,20.57,False,False
2026-01-15,2,3,33,29,20.86,False,False
2026-01-16,2,4,36,33,20.71,False,False
2026-01-17,2,5,20,36,24.86,False,False
2026-01-18,2,6,22,20,25.71,False,False
2026-01-19,2,0,35,22,27.57,False,False
2026-01-20,2,1,27,35,28.71,False,False
2026-01-21,2,2,19,27,28.86,False,False
2026-01-22,2,3,37,19,27.43,False,False
2026-01-23,2,4,41,37,28.0,False,True
2026-01-24,2,5,17,41,28.71,False,False
2026-01-25,2,6,20,17,28.29,False,False
2026-01-26,2,0,30,20,28.0,False,False
2026-01-27,2,1,30,30,27.29,False,False
2026-01-28,2,2,34,30,27.71,False,False
2026-01-29,2,3,41,34,29.86,False,False
2026-01-30,2,4,32,41,30.43,False,False
2026-01-31,2,5,17,32,29.14,False,False
2026-02-01,2,6,22,17,29.14,False,False
2026-02-02,2,0,35,22,29.43,False,False
2026-02-03,2,1,20,35,30.14,False,False
2026-02-04,2,2,20,20,28.71,False,False
2026-02-05,2,3,31,20,26.71,False,False
2026-02-06,2,4,33,31,25.29,False,False
2026-02-07,2,5,25,33,25.43,False,False
2026-02-08,2,6,26,25,26.57,False,True
2026-02-09,2,0,28,26,27.14,False,False
2026-02-10,2,1,31,28,26.14,False,False
2026-02-11,2,2,29,31,27.71,False,False
2026-02-12,2,3,29,29,29.0,False,False
2026-02-13,2,4,29,29,28.71,False,False
2026-02-14,2,5,25,29,28.14,False,False
2026-02-15,2,6,19,25,28.14,False,False
2026-02-16,2,0,23,19,27.14,False,False
2026-02-17,2,1,32,23,26.43,False,False
2026-02-18,2,2,31,32,26.57,False,False
2026-02-19,2,3,40,31,26.86,False,False
2026-02-20,2,4,35,40,28.43,False,False
2026-02-21,2,5,18,35,29.29,False,False
2026-02-22,2,6,12,18,28.29,True,False
2026-02-23,2,0,34,12,27.29,False,False
2026-02-24,2,1,0,34,28.86,True,False
2026-02-25,2,2,37,0,24.29,False,False
2026-02-26,2,3,27,37,25.14,False,False
2026-02-27,2,4,36,27,23.29,False,False
2026-02-28,2,5,17,36,23.43,False,False
2026-03-01,2,6,21,17,23.29,False,False
2026-03-02,2,0,35,21,24.57,False,False
2026-03-03,2,1,22,35,24.71,False,False
2026-03-04,2,2,24,22,27.86,False,False
2026-03-05,2,3,32,24,26.0,False,False
2026-03-06,2,4,27,32,26.71,False,False
2026-03-07,2,5,15,27,25.43,False,False
2026-03-08,2,6,10,15,25.14,False,False
2026-03-09,2,0,29,10,23.57,False,False
2026-03-10,2,1,47,29,22.71,False,True
2026-03-11,2,2,36,47,26.29,False,False
2026-03-12,2,3,34,36,28.0,False,False
2026-03-13,2,4,26,34,28.29,False,False
2026-03-14,2,5,29,26,28.14,False,False
2026-03-15,2,6,16,29,30.14,False,False
2026-03-16,2,0,49,16,31.0,False,True
2026-03-17,2,1,25,49,33.86,False,False
2026-03-18,2,2,37,25,30.71,False,False
2026-03-19,2,3,17,37,30.86,False,False
2026-03-20,2,4,39,17,28.43,False,True
2026-03-21,2,5,14,39,30.29,False,False
2026-03-22,2,6,23,14,28.14,False,False
2026-03-23,2,0,33,23,29.14,False,False
2026-03-24,2,1,27,33,26.86,False,False
2026-03-25,2,2,37,27,27.14,False,False
2026-03-26,2,3,20,37,27.14,False,False
2026-03-27,2,4,34,20,27.57,False,False
2026-03-28,2,5,15,34,26.86,False,False
2026-03-29,2,6,14,15,27.0,False,False
2026-03-30,2,0,17,14,25.71,False,False
2026-03-31,2,1,33,17,23.43,False,False
2026-04-01,2,2,31,33,24.29,False,False
2026-04-02,2,3,31,31,23.43,False,False
2026-04-03,2,4,40,31,25.0,False,False
2026-04-04,2,5,26,40,25.86,False,False
2026-04-05,2,6,19,26,27.43,False,False
2026-04-06,2,0,16,19,28.14,False,False
2026-04-07,2,1,24,16,28.0,False,False
2026-04-08,2,2,31,24,26.71,False,False
2026-04-09,2,3,26,31,26.71,False,False
2026-04-10,2,4,33,26,26.0,False,False
2026-04-11,2,5,9,33,25.0,False,False
2026-04-12,2,6,12,9,22.57,False,False
2026-04-13,2,0,30,12,21.57,False,False
2026-04-14,2,1,30,30,23.57,False,False
2026-04-15,2,2,29,30,24.43,False,False
2026-04-16,2,3,30,29,24.14,False,False
2026-04-17,2,4,32,30,24.71,False,False
2026-04-18,2,5,23,32,24.57,False,False
2026-04-19,2,6,16,23,26.57,False,False
2026-04-20,2,0,36,16,27.14,False,False
2026-04-21,2,1,22,36,28.0,False,False
2026-04-22,2,2,30,22,26.86,False,False
2026-04-23,2,3,25,30,27.0,False,False
2026-04-24,2,4,31,25,26.29,False,False
2026-04-25,2,5,20,31,26.14,False,False
2026-04-26,2,6,24,20,25.71,False,False
2026-04-27,2,0,24,24,26.86,False,False
2026-04-28,2,1,40,24,25.14,False,True
2026-04-29,2,2,28,40,27.71,False,False
2026-04-30,2,3,34,28,27.43,False,False
2026-01-08,3,3,50,59,54.57,False,False
2026-01-09,3,4,51,50,51.71,False,False
2026-01-10,3,5,39,51,51.14,False,False
2026-01-11,3,6,29,39,48.71,False,False
2026-01-12,3,0,52,29,46.86,False,False
2026-01-13,3,1,57,52,47.29,False,False
2026-01-14,3,2,48,57,48.14,False,False
2026-01-15,3,3,50,48,46.57,False,False
2026-01-16,3,4,56,50,46.57,False,False
2026-01-17,3,5,37,56,47.29,False,False
2026-01-18,3,6,49,37,47.0,False,True
2026-01-19,3,0,49,49,49.86,False,False
2026-01-20,3,1,56,49,49.43,False,False
2026-01-21,3,2,51,56,49.29,False,False
2026-01-22,3,3,51,51,49.71,False,False
2026-01-23,3,4,55,51,49.86,False,False
2026-01-24,3,5,38,55,49.71,False,False
2026-01-25,3,6,39,38,49.86,False,False
2026-01-26,3,0,53,39,48.43,False,False
2026-01-27,3,1,56,53,49.0,False,False
2026-01-28,3,2,60,56,49.0,False,False
2026-01-29,3,3,52,60,50.29,False,False
2026-01-30,3,4,37,52,50.43,False,False
2026-01-31,3,5,28,37,47.86,False,False
2026-02-01,3,6,37,28,46.43,False,False
2026-02-02,3,0,61,37,46.14,False,False
2026-02-03,3,1,44,61,47.29,False,False
2026-02-04,3,2,59,44,45.57,False,False
2026-02-05,3,3,45,59,45.43,False,False
2026-02-06,3,4,55,45,44.43,False,False
2026-02-07,3,5,33,55,47.0,False,False
2026-02-08,3,6,24,33,47.71,False,False
2026-02-09,3,0,50,24,45.86,False,False
2026-02-10,3,1,61,50,44.29,False,False
2026-02-11,3,2,59,61,46.71,False,False
2026-02-12,3,3,53,59,46.71,False,False
2026-02-13,3,4,54,53,47.86,False,False
2026-02-14,3,5,31,54,47.71,False,False
2026-02-15,3,6,35,31,47.43,False,False
2026-02-16,3,0,54,35,49.0,False,False
2026-02-17,3,1,56,54,49.57,False,False
2026-02-18,3,2,51,56,48.86,False,False
2026-02-19,3,3,63,51,47.71,False,False
2026-02-20,3,4,56,63,49.14,False,False
2026-02-21,3,5,36,56,49.43,False,False
2026-02-22,3,6,29,36,50.14,False,False
2026-02-23,3,0,54,29,49.29,False,False
2026-02-24,3,1,52,54,49.29,False,False
2026-02-25,3,2,51,52,48.71,False,False
2026-02-26,3,3,68,51,48.71,False,False
2026-02-27,3,4,53,68,49.43,False,False
2026-02-28,3,5,34,53,49.0,False,False
2026-03-01,3,6,32,34,48.71,False,False
2026-03-02,3,0,53,32,49.14,False,False
2026-03-03,3,1,61,53,49.0,False,False
2026-03-04,3,2,57,61,50.29,False,False
2026-03-05,3,3,54,57,51.14,False,False
2026-03-06,3,4,56,54,49.14,False,False
2026-03-07,3,5,31,56,49.57,False,False
2026-03-08,3,6,22,31,49.14,False,False
2026-03-09,3,0,53,22,47.71,False,False
2026-03-10,3,1,51,53,47.71,False,False
2026-03-11,3,2,82,51,46.29,False,True
2026-03-12,3,3,80,82,49.86,False,True
2026-03-13,3,4,51,80,53.57,False,False
2026-03-14,3,5,28,51,52.86,False,False
2026-03-15,3,6,33,28,52.43,False,False
2026-03-16,3,0,59,33,54.0,False,False
2026-03-17,3,1,61,59,54.86,False,False
2026-03-18,3,2,55,61,56.29,False,False
2026-03-19,3,3,53,55,52.43,False,False
2026-03-20,3,4,45,53,48.57,False,False
2026-03-21,3,5,31,45,47.71,False,False
2026-03-22,3,6,39,31,48.14,False,False
2026-03-23,3,0,53,39,49.0,False,False
2026-03-24,3,1,61,53,48.14,False,False
2026-03-25,3,2,61,61,48.14,False,False
2026-03-26,3,3,42,61,49.0,False,False
2026-03-27,3,4,61,42,47.43,False,False
2026-03-28,3,5,39,61,49.71,False,False
2026-03-29,3,6,37,39,50.86,False,False
2026-03-30,3,0,56,37,50.57,False,False
2026-03-31,3,1,16,56,51.0,True,False
2026-04-01,3,2,54,16,44.57,False,False
2026-04-02,3,3,52,54,43.57,False,False
2026-04-03,3,4,56,52,45.0,False,False
2026-04-04,3,5,39,56,44.29,False,True
2026-04-05,3,6,35,39,44.29,False,False
2026-04-06,3,0,58,35,44.0,False,False
2026-04-07,3,1,81,58,44.29,False,True
2026-04-08,3,2,50,81,53.57,False,False
2026-04-09,3,3,56,50,53.0,False,False
2026-04-10,3,4,55,56,53.57,False,False
2026-04-11,3,5,32,55,53.43,False,False
2026-04-12,3,6,33,32,52.43,False,False
2026-04-13,3,0,52,33,52.14,False,False
2026-04-14,3,1,54,52,51.29,False,False
2026-04-15,3,2,55,54,47.43,False,False
2026-04-16,3,3,47,55,48.14,False,False
2026-04-17,3,4,55,47,46.86,False,False
2026-04-18,3,5,32,55,46.86,False,False
2026-04-19,3,6,32,32,46.86,False,False
2026-04-20,3,0,60,32,46.71,False,False
2026-04-21,3,1,85,60,47.86,False,True
2026-04-22,3,2,53,85,52.29,False,False
2026-04-23,3,3,81,53,52.0,False,True
2026-04-24,3,4,55,81,56.86,False,False
2026-04-25,3,5,33,55,56.86,False,False
2026-04-26,3,6,38,33,57.0,False,False
2026-04-27,3,0,57,38,57.86,False,False
2026-04-28,3,1,58,57,57.43,False,False
2026-04-29,3,2,52,58,53.57,False,False
2026-04-30,3,3,50,52,53.43,False,False
2026-01-08,4,3,62,56,45.71,False,False
2026-01-09,4,4,52,62,46.86,False,False
2026-01-10,4,5,33,52,46.43,False,False
2026-01-11,4,6,38,33,46.43,False,False
2026-01-12,4,0,47,38,49.57,False,False
2026-01-13,4,1,52,47,49.43,False,False
2026-01-14,4,2,84,52,48.57,False,True
2026-01-15,4,3,24,84,52.57,True,False
2026-01-16,4,4,54,24,47.14,False,False
2026-01-17,4,5,25,54,47.43,False,False
2026-01-18,4,6,22,25,46.29,False,False
2026-01-19,4,0,56,22,44.0,False,False
2026-01-20,4,1,52,56,45.29,False,False
2026-01-21,4,2,58,52,45.29,False,False
2026-01-22,4,3,54,58,41.57,False,False
2026-01-23,4,4,54,54,45.86,False,False
2026-01-24,4,5,34,54,45.86,False,False
2026-01-25,4,6,43,34,47.14,False,True
2026-01-26,4,0,62,43,50.14,False,False
2026-01-27,4,1,56,62,51.0,False,False
2026-01-28,4,2,57,56,51.57,False,False
2026-01-29,4,3,55,57,51.43,False,False
2026-01-30,4,4,58,55,51.57,False,False
2026-01-31,4,5,29,58,52.14,False,False
2026-02-01,4,6,42,29,51.43,False,False
2026-02-02,4,0,59,42,51.29,False,False
2026-02-03,4,1,51,59,50.86,False,False
2026-02-04,4,2,14,51,50.14,True,False
2026-02-05,4,3,42,14,44.0,False,False
2026-02-06,4,4,50,42,42.14,False,False
2026-02-07,4,5,32,50,41.0,False,False
2026-02-08,4,6,40,32,41.43,False,False
2026-02-09,4,0,86,40,41.14,False,True
2026-02-10,4,1,53,86,45.0,False,False
2026-02-11,4,2,51,53,45.29,False,False
2026-02-12,4,3,63,51,50.57,False,False
2026-02-13,4,4,58,63,53.57,False,False
2026-02-14,4,5,39,58,54.71,False,False
2026-02-15,4,6,37,39,55.71,False,False
2026-02-16,4,0,58,37,55.29,False,False
2026-02-17,4,1,56,58,51.29,False,False
2026-02-18,4,2,61,56,51.71,False,False
2026-02-19,4,3,55,61,53.14,False,False
2026-02-20,4,4,51,55,52.0,False,False
2026-02-21,4,5,30,51,51.0,False,False
2026-02-22,4,6,35,30,49.71,False,False
2026-02-23,4,0,52,35,49.43,False,False
2026-02-24,4,1,55,52,48.57,False,False
2026-02-25,4,2,55,55,48.43,False,False
2026-02-26,4,3,81,55,47.57,False,True
2026-02-27,4,4,46,81,51.29,False,False
2026-02-28,4,5,26,46,50.57,False,False
2026-03-01,4,6,42,26,50.0,False,True
2026-03-02,4,0,63,42,51.0,False,False
2026-03-03,4,1,52,63,52.57,False,False
2026-03-04,4,2,58,52,52.14,False,False
2026-03-05,4,3,47,58,52.57,False,False
2026-03-06,4,4,51,47,47.71,False,False
2026-03-07,4,5,34,51,48.43,False,False
2026-03-08,4,6,32,34,49.57,False,False
2026-03-09,4,0,60,32,48.14,False,False
2026-03-10,4,1,60,60,47.71,False,False
2026-03-11,4,2,46,60,48.86,False,False
2026-03-12,4,3,48,46,47.14,False,False
2026-03-13,4,4,60,48,47.29,False,False
2026-03-14,4,5,33,60,48.57,False,False
2026-03-15,4,6,26,33,48.43,False,False
2026-03-16,4,0,62,26,47.57,False,False
2026-03-17,4,1,59,62,47.86,False,False
2026-03-18,4,2,53,59,47.71,False,False
2026-03-19,4,3,65,53,48.71,False,False
2026-03-20,4,4,53,65,51.14,False,False
2026-03-21,4,5,32,53,50.14,False,False
2026-03-22,4,6,36,32,50.0,False,False
2026-03-23,4,0,54,36,51.43,False,False
2026-03-24,4,1,59,54,50.29,False,False
2026-03-25,4,2,56,59,50.29,False,False
2026-03-26,4,3,60,56,50.71,False,False
2026-03-27,4,4,49,60,50.0,False,False
2026-03-28,4,5,29,49,49.43,False,False
2026-03-29,4,6,42,29,49.0,False,False
2026-03-30,4,0,55,42,49.86,False,False
2026-03-31,4,1,56,55,50.0,False,False
2026-04-01,4,2,60,56,49.57,False,False
2026-04-02,4,3,60,60,50.14,False,False
2026-04-03,4,4,56,60,50.14,False,False
2026-04-04,4,5,45,56,51.14,False,True
2026-04-05,4,6,34,45,53.43,False,False
2026-04-06,4,0,57,34,52.29,False,False
2026-04-07,4,1,60,57,52.57,False,False
2026-04-08,4,2,48,60,53.14,False,False
2026-04-09,4,3,54,48,51.43,False,False
2026-04-10,4,4,83,54,50.57,False,True
2026-04-11,4,5,40,83,54.43,False,False
2026-04-12,4,6,28,40,53.71,False,False
2026-04-13,4,0,63,28,52.86,False,False
2026-04-14,4,1,60,63,53.71,False,False
2026-04-15,4,2,42,60,53.71,False,False
2026-04-16,4,3,27,42,52.86,True,False
2026-04-17,4,4,60,27,49.0,False,False
2026-04-18,4,5,45,60,45.71,False,False
2026-04-19,4,6,36,45,46.43,False,False
2026-04-20,4,0,56,36,47.57,False,False
2026-04-21,4,1,51,56,46.57,False,False
2026-04-22,4,2,53,51,45.29,False,False
2026-04-23,4,3,55,53,46.86,False,False
2026-04-24,4,4,61,55,50.86,False,False
2026-04-25,4,5,28,61,51.0,False,False
2026-04-26,4,6,31,28,48.57,False,False
2026-04-27,4,0,51,31,47.86,False,False
2026-04-28,4,1,56,51,47.14,False,False
2026-04-29,4,2,56,56,47.86,False,False
2026-04-30,4,3,61,56,48.29,False,False
2026-01-08,5,3,28,34,29.29,False,False
2026-01-09,5,4,54,28,29.0,False,True
2026-01-10,5,5,27,54,31.86,False,False
2026-01-11,5,6,20,27,33.29,False,False
2026-01-12,5,0,31,20,33.0,False,False
2026-01-13,5,1,36,31,31.57,False,False
2026-01-14,5,2,37,36,32.86,False,False
2026-01-15,5,3,23,37,33.29,False,False
2026-01-16,5,4,34,23,32.57,False,False
2026-01-17,5,5,13,34,29.71,False,False
2026-01-18,5,6,15,13,27.71,False,False
2026-01-19,5,0,28,15,27.0,False,False
2026-01-20,5,1,35,28,26.57,False,False
2026-01-21,5,2,26,35,26.43,False,False
2026-01-22,5,3,25,26,24.86,False,False
2026-01-23,5,4,30,25,25.14,False,False
2026-01-24,5,5,27,30,24.57,False,False
2026-01-25,5,6,14,27,26.57,False,False
2026-01-26,5,0,35,14,26.43,False,False
2026-01-27,5,1,38,35,27.43,False,False
2026-01-28,5,2,25,38,27.86,False,False
2026-01-29,5,3,32,25,27.71,False,False
2026-01-30,5,4,35,32,28.71,False,False
2026-01-31,5,5,16,35,29.43,False,False
2026-02-01,5,6,21,16,27.86,False,False
2026-02-02,5,0,42,21,28.86,False,True
2026-02-03,5,1,27,42,29.86,False,False
2026-02-04,5,2,27,27,28.29,False,False
2026-02-05,5,3,23,27,28.57,False,False
2026-02-06,5,4,33,23,27.29,False,False
2026-02-07,5,5,19,33,27.0,False,False
2026-02-08,5,6,17,19,27.43,False,False
2026-02-09,5,0,37,17,26.86,False,False
2026-02-10,5,1,29,37,26.14,False,False
2026-02-11,5,2,30,29,26.43,False,False
2026-02-12,5,3,32,30,26.86,False,False
2026-02-13,5,4,32,32,28.14,False,False
2026-02-14,5,5,31,32,28.0,False,False
2026-02-15,5,6,17,31,29.71,False,False
2026-02-16,5,0,30,17,29.71,False,False
2026-02-17,5,1,43,30,28.71,False,True
2026-02-18,5,2,34,43,30.71,False,False
2026-02-19,5,3,32,34,31.29,False,False
2026-02-20,5,4,33,32,31.29,False,False
2026-02-21,5,5,15,33,31.43,False,False
2026-02-22,5,6,15,15,29.14,False,False
2026-02-23,5,0,31,15,28.86,False,False
2026-02-24,5,1,29,31,29.0,False,False
2026-02-25,5,2,29,29,27.0,False,False
2026-02-26,5,3,32,29,26.29,False,False
2026-02-27,5,4,28,32,26.29,False,False
2026-02-28,5,5,21,28,25.57,False,False
2026-03-01,5,6,30,21,26.43,False,False
2026-03-02,5,0,29,30,28.57,False,False
2026-03-03,5,1,26,29,28.29,False,False
2026-03-04,5,2,31,26,27.86,False,False
2026-03-05,5,3,47,31,28.14,False,True
2026-03-06,5,4,32,47,30.29,False,False
2026-03-07,5,5,23,32,30.86,False,True
2026-03-08,5,6,14,23,31.14,False,False
2026-03-09,5,0,31,14,28.86,False,False
2026-03-10,5,1,26,31,29.14,False,False
2026-03-11,5,2,31,26,29.14,False,False
2026-03-12,5,3,27,31,29.14,False,False
2026-03-13,5,4,20,27,26.29,False,False
2026-03-14,5,5,24,20,24.57,False,False
2026-03-15,5,6,13,24,24.71,False,False
2026-03-16,5,0,47,13,24.57,False,True
2026-03-17,5,1,36,47,26.86,False,False
2026-03-18,5,2,28,36,28.29,False,False
2026-03-19,5,3,32,28,27.86,False,False
2026-03-20,5,4,30,32,28.57,False,False
2026-03-21,5,5,19,30,30.0,False,False
2026-03-22,5,6,15,19,29.29,False,False
2026-03-23,5,0,38,15,29.57,False,False
2026-03-24,5,1,29,38,28.29,False,False
2026-03-25,5,2,29,29,27.29,False,False
2026-03-26,5,3,35,29,27.43,False,False
2026-03-27,5,4,38,35,27.86,False,False
2026-03-28,5,5,22,38,29.0,False,False
2026-03-29,5,6,34,22,29.43,False,True
2026-03-30,5,0,39,34,32.14,False,False
2026-03-31,5,1,40,39,32.29,False,False
2026-04-01,5,2,34,40,33.86,False,False
2026-04-02,5,3,30,34,34.57,False,False
2026-04-03,5,4,34,30,33.86,False,False
2026-04-04,5,5,19,34,33.29,False,False
2026-04-05,5,6,12,19,32.86,False,False
2026-04-06,5,0,36,12,29.71,False,False
2026-04-07,5,1,36,36,29.29,False,False
2026-04-08,5,2,27,36,28.71,False,False
2026-04-09,5,3,26,27,27.71,False,False
2026-04-10,5,4,34,26,27.14,False,False
2026-04-11,5,5,28,34,27.14,False,True
2026-04-12,5,6,18,28,28.43,False,False
2026-04-13,5,0,34,18,29.29,False,False
2026-04-14,5,1,35,34,29.0,False,False
2026-04-15,5,2,41,35,28.86,False,False
2026-04-16,5,3,35,41,30.86,False,False
2026-04-17,5,4,30,35,32.14,False,False
2026-04-18,5,5,19,30,31.57,False,False
2026-04-19,5,6,25,19,30.29,False,False
2026-04-20,5,0,29,25,31.29,False,False
2026-04-21,5,1,29,29,30.57,False,False
2026-04-22,5,2,26,29,29.71,False,False
2026-04-23,5,3,2,26,27.57,True,False
2026-04-24,5,4,26,2,22.86,False,False
2026-04-25,5,5,15,26,22.29,False,False
2026-04-26,5,6,8,15,21.71,False,False
2026-04-27,5,0,40,8,19.29,False,False
2026-04-28,5,1,5,40,20.86,True,False
2026-04-29,5,2,32,5,17.43,False,False
2026-04-30,5,3,27,32,18.29,False,False
