date,menu_item_id,day_of_week,quantity_sold,is_holiday,is_college_event
2026-01-01,1,3,60,False,False
2026-01-02,1,4,64,False,False
2026-01-03,1,5,36,False,False
2026-01-04,1,6,30,False,False
2026-01-05,1,0,87,False,True
2026-01-06,1,1,84,False,True
2026-01-07,1,2,59,False,False
2026-01-08,1,3,54,False,False
2026-01-09,1,4,55,False,False
2026-01-10,1,5,20,True,False
2026-01-11,1,6,38,False,False
2026-01-12,1,0,52,False,False
2026-01-13,1,1,60,False,False
2026-01-14,1,2,54,False,False
2026-01-15,1,3,86,False,True
2026-01-16,1,4,64,False,False
2026-01-17,1,5,38,False,False
2026-01-18,1,6,48,False,False
2026-01-19,1,0,60,False,False
2026-01-20,1,1,58,False,False
2026-01-21,1,2,57,False,False
2026-01-22,1,3,56,False,False
2026-01-23,1,4,22,True,False
2026-01-24,1,5,38,False,False
2026-01-25,1,6,33,False,False
2026-01-26,1,0,63,False,False
2026-01-27,1,1,50,False,False
2026-01-28,1,2,61,False,False
2026-01-29,1,3,53,False,False
2026-01-30,1,4,90,False,True
2026-01-31,1,5,27,False,False
2026-02-01,1,6,33,False,False
2026-02-02,1,0,59,False,False
2026-02-03,1,1,52,False,False
2026-02-04,1,2,61,False,False
2026-02-05,1,3,59,False,False
2026-02-06,1,4,55,False,False
2026-02-07,1,5,27,False,False
2026-02-08,1,6,33,False,False
2026-02-09,1,0,89,False,True
2026-02-10,1,1,58,False,False
2026-02-11,1,2,51,False,False
2026-02-12,1,3,55,False,False
2026-02-13,1,4,55,False,False
2026-02-14,1,5,38,False,False
2026-02-15,1,6,29,False,False
2026-02-16,1,0,57,False,False
2026-02-17,1,1,59,False,False
2026-02-18,1,2,45,False,False
2026-02-19,1,3,65,False,False
2026-02-20,1,4,61,False,False
2026-02-21,1,5,31,False,False
2026-02-22,1,6,32,False,False
2026-02-23,1,0,59,False,False
2026-02-24,1,1,61,False,False
2026-02-25,1,2,53,False,False
2026-02-26,1,3,60,False,False
2026-02-27,1,4,45,False,False
2026-02-28,1,5,44,False,False
2026-03-01,1,6,36,False,False
2026-03-02,1,0,58,False,False
2026-03-03,1,1,60,False,False
2026-03-04,1,2,58,False,False
2026-03-05,1,3,58,False,False
2026-03-06,1,4,61,False,False
2026-03-07,1,5,40,False,False
2026-03-08,1,6,29,False,False
2026-03-09,1,0,52,False,False
2026-03-10,1,1,57,False,False
2026-03-11,1,2,56,False,False
2026-03-12,1,3,60,False,False
2026-03-13,1,4,48,False,False
2026-03-14,1,5,34,False,False
2026-03-15,1,6,36,False,False
2026-03-16,1,0,62,False,False
2026-03-17,1,1,59,False,False
2026-03-18,1,2,49,False,False
2026-03-19,1,3,56,False,False
2026-03-20,1,4,68,False,False
2026-03-21,1,5,42,False,False
2026-03-22,1,6,34,False,False
2026-03-23,1,0,49,False,False
2026-03-24,1,1,52,False,False
2026-03-25,1,2,64,False,False
2026-03-26,1,3,60,False,False
2026-03-27,1,4,54,False,False
2026-03-28,1,5,31,False,False
2026-03-29,1,6,11,True,False
2026-03-30,1,0,55,False,False
2026-03-31,1,1,86,False,True
2026-04-01,1,2,51,False,False
2026-04-02,1,3,64,False,False
2026-04-03,1,4,59,False,False
2026-04-04,1,5,25,False,False
2026-04-05,1,6,40,False,False
2026-04-06,1,0,57,False,False
2026-04-07,1,1,51,False,False
2026-04-08,1,2,48,False,False
2026-04-09,1,3,66,False,False
2026-04-10,1,4,54,False,False
2026-04-11,1,5,35,False,False
2026-04-12,1,6,37,False,False
2026-04-13,1,0,58,False,False
2026-04-14,1,1,55,False,False
2026-04-15,1,2,56,False,False
2026-04-16,1,3,54,False,False
2026-04-17,1,4,14,True,False
2026-04-18,1,5,40,False,False
2026-04-19,1,6,33,False,False
2026-04-20,1,0,20,True,False
2026-04-21,1,1,62,False,False
2026-04-22,1,2,65,False,False
2026-04-23,1,3,61,False,False
2026-04-24,1,4,63,False,False
2026-04-25,1,5,40,False,False
2026-04-26,1,6,37,False,False
2026-04-27,1,0,55,False,False
2026-04-28,1,1,57,False,False
2026-04-29,1,2,52,False,False
2026-04-30,1,3,64,False,False
2026-01-01,2,3,26,False,False
2026-01-02,2,4,34,False,False
2026-01-03,2,5,9,False,False
2026-01-04,2,6,11,False,False
2026-01-05,2,0,37,False,False
2026-01-06,2,1,27,False,False
2026-01-07,2,2,27,False,False
2026-01-08,2,3,34,False,False
2026-01-09,2,4,7,True,False
2026-01-10,2,5,14,False,False
2026-01-11,2,6,9,False,False
2026-01-12,2,0,27,False,False
2026-01-13,2,1,26,False,False
2026-01-14,2,2,29,False,False
2026-01-15,2,3,33,False,False
2026-01-16,2,4,36,False,False
2026-01-17,2,5,20,False,False
2026-01-18,2,6,22,False,False
2026-01-19,2,0,35,False,False
2026-01-20,2,1,27,False,False
2026-01-21,2,2,19,False,False
2026-01-22,2,3,37,False,False
2026-01-23,2,4,41,False,True
2026-01-24,2,5,17,False,False
2026-01-25,2,6,20,False,False
2026-01-26,2,0,30,False,False
2026-01-27,2,1,30,False,False
2026-01-28,2,2,34,False,False
2026-01-29,2,3,41,False,False
2026-01-30,2,4,32,False,False
2026-01-31,2,5,17,False,False
2026-02-01,2,6,22,False,False
2026-02-02,2,0,35,False,False
2026-02-03,2,1,20,False,False
2026-02-04,2,2,20,False,False
2026-02-05,2,3,31,False,False
2026-02-06,2,4,33,False,False
2026-02-07,2,5,25,False,False
2026-02-08,2,6,26,False,True
2026-02-09,2,0,28,False,False
2026-02-10,2,1,31,False,False
2026-02-11,2,2,29,False,False
2026-02-12,2,3,29,False,False
2026-02-13,2,4,29,False,False
2026-02-14,2,5,25,False,False
2026-02-15,2,6,19,False,False
2026-02-16,2,0,23,False,False
2026-02-17,2,1,32,False,False
2026-02-18,2,2,31,False,False
2026-02-19,2,3,40,False,False
2026-02-20,2,4,35,False,False
2026-02-21,2,5,18,False,False
2026-02-22,2,6,12,True,False
2026-02-23,2,0,34,False,False
2026-02-24,2,1,0,True,False
2026-02-25,2,2,37,False,False
2026-02-26,2,3,27,False,False
2026-02-27,2,4,36,False,False
2026-02-28,2,5,17,False,False
2026-03-01,2,6,21,False,False
2026-03-02,2,0,35,False,False
2026-03-03,2,1,22,False,False
2026-03-04,2,2,24,False,False
2026-03-05,2,3,32,False,False
2026-03-06,2,4,27,False,False
2026-03-07,2,5,15,False,False
2026-03-08,2,6,10,False,False
2026-03-09,2,0,29,False,False
2026-03-10,2,1,47,False,True
2026-03-11,2,2,36,False,False
2026-03-12,2,3,34,False,False
2026-03-13,2,4,26,False,False
2026-03-14,2,5,29,False,False
2026-03-15,2,6,16,False,False
2026-03-16,2,0,49,False,True
2026-03-17,2,1,25,False,False
2026-03-18,2,2,37,False,False
2026-03-19,2,3,17,False,False
2026-03-20,2,4,39,False,True
2026-03-21,2,5,14,False,False
2026-03-22,2,6,23,False,False
2026-03-23,2,0,33,False,False
2026-03-24,2,1,27,False,False
2026-03-25,2,2,37,False,False
2026-03-26,2,3,20,False,False
2026-03-27,2,4,34,False,False
2026-03-28,2,5,15,False,False
2026-03-29,2,6,14,False,False
2026-03-30,2,0,17,False,False
2026-03-31,2,1,33,False,False
2026-04-01,2,2,31,False,False
2026-04-02,2,3,31,False,False
2026-04-03,2,4,40,False,False
2026-04-04,2,5,26,False,False
2026-04-05,2,6,19,False,False
2026-04-06,2,0,16,False,False
2026-04-07,2,1,24,False,False
2026-04-08,2,2,31,False,False
2026-04-09,2,3,26,False,False
2026-04-10,2,4,33,False,False
2026-04-11,2,5,9,False,False
2026-04-12,2,6,12,False,False
2026-04-13,2,0,30,False,False
2026-04-14,2,1,30,False,False
2026-04-15,2,2,29,False,False
2026-04-16,2,3,30,False,False
2026-04-17,2,4,32,False,False
2026-04-18,2,5,23,False,False
2026-04-19,2,6,16,False,False
2026-04-20,2,0,36,False,False
2026-04-21,2,1,22,False,False
2026-04-22,2,2,30,False,False
2026-04-23,2,3,25,False,False
2026-04-24,2,4,31,False,False
2026-04-25,2,5,20,False,False
2026-04-26,2,6,24,False,False
2026-04-27,2,0,24,False,False
2026-04-28,2,1,40,False,True
2026-04-29,2,2,28,False,False
2026-04-30,2,3,34,False,False
2026-01-01,3,3,70,False,False
2026-01-02,3,4,55,False,False
2026-01-03,3,5,56,False,True
2026-01-04,3,6,42,False,False
2026-01-05,3,0,49,False,False
2026-01-06,3,1,51,False,False
2026-01-07,3,2,59,False,False
2026-01-08,3,3,50,False,False
2026-01-09,3,4,51,False,False
2026-01-10,3,5,39,False,False
2026-01-11,3,6,29,False,False
2026-01-12,3,0,52,False,False
2026-01-13,3,1,57,False,False
2026-01-14,3,2,48,False,False
2026-01-15,3,3,50,False,False
2026-01-16,3,4,56,False,False
2026-01-17,3,5,37,False,False
2026-01-18,3,6,49,False,True
2026-01-19,3,0,49,False,False
2026-01-20,3,1,56,False,False
2026-01-21,3,2,51,False,False
2026-01-22,3,3,51,False,False
2026-01-23,3,4,55,False,False
2026-01-24,3,5,38,False,False
2026-01-25,3,6,39,False,False
2026-01-26,3,0,53,False,False
2026-01-27,3,1,56,False,False
2026-01-28,3,2,60,False,False
2026-01-29,3,3,52,False,False
2026-01-30,3,4,37,False,False
2026-01-31,3,5,28,False,False
2026-02-01,3,6,37,False,False
2026-02-02,3,0,61,False,False
2026-02-03,3,1,44,False,False
2026-02-04,3,2,59,False,False
2026-02-05,3,3,45,False,False
2026-02-06,3,4,55,False,False
2026-02-07,3,5,33,False,False
2026-02-08,3,6,24,False,False
2026-02-09,3,0,50,False,False
2026-02-10,3,1,61,False,False
2026-02-11,3,2,59,False,False
2026-02-12,3,3,53,False,False
2026-02-13,3,4,54,False,False
2026-02-14,3,5,31,False,False
2026-02-15,3,6,35,False,False
2026-02-16,3,0,54,False,False
2026-02-17,3,1,56,False,False
2026-02-18,3,2,51,False,False
2026-02-19,3,3,63,False,False
2026-02-20,3,4,56,False,False
2026-02-21,3,5,36,False,False
2026-02-22,3,6,29,False,False
2026-02-23,3,0,54,False,False
2026-02-24,3,1,52,False,False
2026-02-25,3,2,51,False,False
2026-02-26,3,3,68,False,False
2026-02-27,3,4,53,False,False
2026-02-28,3,5,34,False,False
2026-03-01,3,6,32,False,False
2026-03-02,3,0,53,False,False
2026-03-03,3,1,61,False,False
2026-03-04,3,2,57,False,False
2026-03-05,3,3,54,False,False
2026-03-06,3,4,56,False,False
2026-03-07,3,5,31,False,False
2026-03-08,3,6,22,False,False
2026-03-09,3,0,53,False,False
2026-03-10,3,1,51,False,False
2026-03-11,3,2,82,False,True
2026-03-12,3,3,80,False,True
2026-03-13,3,4,51,False,False
2026-03-14,3,5,28,False,False
2026-03-15,3,6,33,False,False
2026-03-16,3,0,59,False,False
2026-03-17,3,1,61,False,False
2026-03-18,3,2,55,False,False
2026-03-19,3,3,53,False,False
2026-03-20,3,4,45,False,False
2026-03-21,3,5,31,False,False
2026-03-22,3,6,39,False,False
2026-03-23,3,0,53,False,False
2026-03-24,3,1,61,False,False
2026-03-25,3,2,61,False,False
2026-03-26,3,3,42,False,False
2026-03-27,3,4,61,False,False
2026-03-28,3,5,39,False,False
2026-03-29,3,6,37,False,False
2026-03-30,3,0,56,False,False
2026-03-31,3,1,16,True,False
2026-04-01,3,2,54,False,False
2026-04-02,3,3,52,False,False
2026-04-03,3,4,56,False,False
2026-04-04,3,5,39,False,True
2026-04-05,3,6,35,False,False
2026-04-06,3,0,58,False,False
2026-04-07,3,1,81,False,True
2026-04-08,3,2,50,False,False
2026-04-09,3,3,56,False,False
2026-04-10,3,4,55,False,False
2026-04-11,3,5,32,False,False
2026-04-12,3,6,33,False,False
2026-04-13,3,0,52,False,False
2026-04-14,3,1,54,False,False
2026-04-15,3,2,55,False,False
2026-04-16,3,3,47,False,False
2026-04-17,3,4,55,False,False
2026-04-18,3,5,32,False,False
2026-04-19,3,6,32,False,False
2026-04-20,3,0,60,False,False
2026-04-21,3,1,85,False,True
2026-04-22,3,2,53,False,False
2026-04-23,3,3,81,False,True
2026-04-24,3,4,55,False,False
2026-04-25,3,5,33,False,False
2026-04-26,3,6,38,False,False
2026-04-27,3,0,57,False,False
2026-04-28,3,1,58,False,False
2026-04-29,3,2,52,False,False
2026-04-30,3,3,50,False,False
2026-01-01,4,3,54,False,False
2026-01-02,4,4,55,False,False
2026-01-03,4,5,33,False,False
2026-01-04,4,6,16,True,False
2026-01-05,4,0,48,False,False
2026-01-06,4,1,58,False,False
2026-01-07,4,2,56,False,False
2026-01-08,4,3,62,False,False
2026-01-09,4,4,52,False,False
2026-01-10,4,5,33,False,False
2026-01-11,4,6,38,False,False
2026-01-12,4,0,47,False,False
2026-01-13,4,1,52,False,False
2026-01-14,4,2,84,False,True
2026-01-15,4,3,24,True,False
2026-01-16,4,4,54,False,False
2026-01-17,4,5,25,False,False
2026-01-18,4,6,22,False,False
2026-01-19,4,0,56,False,False
2026-01-20,4,1,52,False,False
2026-01-21,4,2,58,False,False
2026-01-22,4,3,54,False,False
2026-01-23,4,4,54,False,False
2026-01-24,4,5,34,False,False
2026-01-25,4,6,43,False,True
2026-01-26,4,0,62,False,False
2026-01-27,4,1,56,False,False
2026-01-28,4,2,57,False,False
2026-01-29,4,3,55,False,False
2026-01-30,4,4,58,False,False
2026-01-31,4,5,29,False,False
2026-02-01,4,6,42,False,False
2026-02-02,4,0,59,False,False
2026-02-03,4,1,51,False,False
2026-02-04,4,2,14,True,False
2026-02-05,4,3,42,False,False
2026-02-06,4,4,50,False,False
2026-02-07,4,5,32,False,False
2026-02-08,4,6,40,False,False
2026-02-09,4,0,86,False,True
2026-02-10,4,1,53,False,False
2026-02-11,4,2,51,False,False
2026-02-12,4,3,63,False,False
2026-02-13,4,4,58,False,False
2026-02-14,4,5,39,False,False
2026-02-15,4,6,37,False,False
2026-02-16,4,0,58,False,False
2026-02-17,4,1,56,False,False
2026-02-18,4,2,61,False,False
2026-02-19,4,3,55,False,False
2026-02-20,4,4,51,False,False
2026-02-21,4,5,30,False,False
2026-02-22,4,6,35,False,False
2026-02-23,4,0,52,False,False
2026-02-24,4,1,55,False,False
2026-02-25,4,2,55,False,False
2026-02-26,4,3,81,False,True
2026-02-27,4,4,46,False,False
2026-02-28,4,5,26,False,False
2026-03-01,4,6,42,False,True
2026-03-02,4,0,63,False,False
2026-03-03,4,1,52,False,False
2026-03-04,4,2,58,False,False
2026-03-05,4,3,47,False,False
2026-03-06,4,4,51,False,False
2026-03-07,4,5,34,False,False
2026-03-08,4,6,32,False,False
2026-03-09,4,0,60,False,False
2026-03-10,4,1,60,False,False
2026-03-11,4,2,46,False,False
2026-03-12,4,3,48,False,False
2026-03-13,4,4,60,False,False
2026-03-14,4,5,33,False,False
2026-03-15,4,6,26,False,False
2026-03-16,4,0,62,False,False
2026-03-17,4,1,59,False,False
2026-03-18,4,2,53,False,False
2026-03-19,4,3,65,False,False
2026-03-20,4,4,53,False,False
2026-03-21,4,5,32,False,False
2026-03-22,4,6,36,False,False
2026-03-23,4,0,54,False,False
2026-03-24,4,1,59,False,False
2026-03-25,4,2,56,False,False
2026-03-26,4,3,60,False,False
2026-03-27,4,4,49,False,False
2026-03-28,4,5,29,False,False
2026-03-29,4,6,42,False,False
2026-03-30,4,0,55,False,False
2026-03-31,4,1,56,False,False
2026-04-01,4,2,60,False,False
2026-04-02,4,3,60,False,False
2026-04-03,4,4,56,False,False
2026-04-04,4,5,45,False,True
2026-04-05,4,6,34,False,False
2026-04-06,4,0,57,False,False
2026-04-07,4,1,60,False,False
2026-04-08,4,2,48,False,False
2026-04-09,4,3,54,False,False
2026-04-10,4,4,83,False,True
2026-04-11,4,5,40,False,False
2026-04-12,4,6,28,False,False
2026-04-13,4,0,63,False,False
2026-04-14,4,1,60,False,False
2026-04-15,4,2,42,False,False
2026-04-16,4,3,27,True,False
2026-04-17,4,4,60,False,False
2026-04-18,4,5,45,False,False
2026-04-19,4,6,36,False,False
2026-04-20,4,0,56,False,False
2026-04-21,4,1,51,False,False
2026-04-22,4,2,53,False,False
2026-04-23,4,3,55,False,False
2026-04-24,4,4,61,False,False
2026-04-25,4,5,28,False,False
2026-04-26,4,6,31,False,False
2026-04-27,4,0,51,False,False
2026-04-28,4,1,56,False,False
2026-04-29,4,2,56,False,False
2026-04-30,4,3,61,False,False
2026-01-01,5,3,30,False,False
2026-01-02,5,4,34,False,False
2026-01-03,5,5,17,False,False
2026-01-04,5,6,22,False,False
2026-01-05,5,0,41,False,False
2026-01-06,5,1,27,False,False
2026-01-07,5,2,34,False,False
2026-01-08,5,3,28,False,False
2026-01-09,5,4,54,False,True
2026-01-10,5,5,27,False,False
2026-01-11,5,6,20,False,False
2026-01-12,5,0,31,False,False
2026-01-13,5,1,36,False,False
2026-01-14,5,2,37,False,False
2026-01-15,5,3,23,False,False
2026-01-16,5,4,34,False,False
2026-01-17,5,5,13,False,False
2026-01-18,5,6,15,False,False
2026-01-19,5,0,28,False,False
2026-01-20,5,1,35,False,False
2026-01-21,5,2,26,False,False
2026-01-22,5,3,25,False,False
2026-01-23,5,4,30,False,False
2026-01-24,5,5,27,False,False
2026-01-25,5,6,14,False,False
2026-01-26,5,0,35,False,False
2026-01-27,5,1,38,False,False
2026-01-28,5,2,25,False,False
2026-01-29,5,3,32,False,False
2026-01-30,5,4,35,False,False
2026-01-31,5,5,16,False,False
2026-02-01,5,6,21,False,False
2026-02-02,5,0,42,False,True
2026-02-03,5,1,27,False,False
2026-02-04,5,2,27,False,False
2026-02-05,5,3,23,False,False
2026-02-06,5,4,33,False,False
2026-02-07,5,5,19,False,False
2026-02-08,5,6,17,False,False
2026-02-09,5,0,37,False,False
2026-02-10,5,1,29,False,False
2026-02-11,5,2,30,False,False
2026-02-12,5,3,32,False,False
2026-02-13,5,4,32,False,False
2026-02-14,5,5,31,False,False
2026-02-15,5,6,17,False,False
2026-02-16,5,0,30,False,False
2026-02-17,5,1,43,False,True
2026-02-18,5,2,34,False,False
2026-02-19,5,3,32,False,False
2026-02-20,5,4,33,False,False
2026-02-21,5,5,15,False,False
2026-02-22,5,6,15,False,False
2026-02-23,5,0,31,False,False
2026-02-24,5,1,29,False,False
2026-02-25,5,2,29,False,False
2026-02-26,5,3,32,False,False
2026-02-27,5,4,28,False,False
2026-02-28,5,5,21,False,False
2026-03-01,5,6,30,False,False
2026-03-02,5,0,29,False,False
2026-03-03,5,1,26,False,False
2026-03-04,5,2,31,False,False
2026-03-05,5,3,47,False,True
2026-03-06,5,4,32,False,False
2026-03-07,5,5,23,False,True
2026-03-08,5,6,14,False,False
2026-03-09,5,0,31,False,False
2026-03-10,5,1,26,False,False
2026-03-11,5,2,31,False,False
2026-03-12,5,3,27,False,False
2026-03-13,5,4,20,False,False
2026-03-14,5,5,24,False,False
2026-03-15,5,6,13,False,False
2026-03-16,5,0,47,False,True
2026-03-17,5,1,36,False,False
2026-03-18,5,2,28,False,False
2026-03-19,5,3,32,False,False
2026-03-20,5,4,30,False,False
2026-03-21,5,5,19,False,False
2026-03-22,5,6,15,False,False
2026-03-23,5,0,38,False,False
2026-03-24,5,1,29,False,False
2026-03-25,5,2,29,False,False
2026-03-26,5,3,35,False,False
2026-03-27,5,4,38,False,False
2026-03-28,5,5,22,False,False
2026-03-29,5,6,34,False,True
2026-03-30,5,0,39,False,False
2026-03-31,5,1,40,False,False
2026-04-01,5,2,34,False,False
2026-04-02,5,3,30,False,False
2026-04-03,5,4,34,False,False
2026-04-04,5,5,19,False,False
2026-04-05,5,6,12,False,False
2026-04-06,5,0,36,False,False
2026-04-07,5,1,36,False,False
2026-04-08,5,2,27,False,False
2026-04-09,5,3,26,False,False
2026-04-10,5,4,34,False,False
2026-04-11,5,5,28,False,True
2026-04-12,5,6,18,False,False
2026-04-13,5,0,34,False,False
2026-04-14,5,1,35,False,False
2026-04-15,5,2,41,False,False
2026-04-16,5,3,35,False,False
2026-04-17,5,4,30,False,False
2026-04-18,5,5,19,False,False
2026-04-19,5,6,25,False,False
2026-04-20,5,0,29,False,False
2026-04-21,5,1,29,False,False
2026-04-22,5,2,26,False,False
2026-04-23,5,3,2,True,False
2026-04-24,5,4,26,False,False
2026-04-25,5,5,15,False,False
2026-04-26,5,6,8,False,False
2026-04-27,5,0,40,False,False
2026-04-28,5,1,5,True,False
2026-04-29,5,2,32,False,False
2026-04-30,5,3,27,False,False
